kind,srg_name,owner,descriptor,hint_vanilla_name,MITE_candidates_same_desc,called_by
method,func_110124_au,net/minecraft/entity/player/EntityPlayerMP,()Ljava/util/UUID;,getUniqueID,net/minecraft/entity/Entity::getUniqueID | net/minecraft/entity/Entity::getUniqueIDSilent,"com/sk89q/worldedit/forge/ForgePlayer, com/sk89q/worldedit/forge/ThreadSafeCache"
method,func_111066_d,net/minecraft/util/ChatMessageComponent,(Ljava/lang/String;)Lnet/minecraft/util/ChatMessageComponent;,createFromText,net/minecraft/util/ChatMessageComponent::addText | net/minecraft/util/ChatMessageComponent::addKey | net/minecraft/util/ChatMessageComponent::createFromJson | net/minecraft/util/ChatMessageComponent::createFromText | net/minecraft/util/ChatMessageComponent::createFromTranslationKey,com/sk89q/worldedit/forge/ForgePlayer
method,func_70012_b,net/minecraft/entity/Entity,(DDDFF)V,setLocationAndAngles,net/minecraft/entity/Entity::setPositionAndRotation | net/minecraft/entity/Entity::setLocationAndAngles,com/sk89q/worldedit/forge/ForgeWorld
method,func_70020_e,net/minecraft/entity/Entity,(Lnet/minecraft/nbt/NBTTagCompound;)V,copyDataFrom,net/minecraft/entity/Entity::writeToNBT | net/minecraft/entity/Entity::readFromNBT | net/minecraft/entity/Entity::readEntityFromNBT | net/minecraft/entity/Entity::writeEntityToNBT,com/sk89q/worldedit/forge/ForgeWorld
method,func_70106_y,net/minecraft/entity/Entity,()V,setDead,net/minecraft/entity/Entity::entityInit | net/minecraft/entity/Entity::resetEntityIds | net/minecraft/entity/Entity::onSpawned | net/minecraft/entity/Entity::preparePlayerToSpawn | net/minecraft/entity/Entity::setDead | net/minecraft/entity/Entity::spentTickInWater | net/minecraft/entity/Entity::spentTickInFire | net/minecraft/entity/Entity::spentTickInLava | net/minecraft/entity/Entity::checkForContactWithFireAndLava | net/minecraft/entity/Entity::detectAndRemoveDuplicateEntities | net/minecraft/entity/Entity::setAsUnwantedDuplicate | net/minecraft/entity/Entity::onUpdate | net/minecraft/entity/Entity::onEntityUpdate | net/minecraft/entity/Entity::setOnFireFromLava | net/minecraft/entity/Entity::extinguish | net/minecraft/entity/Entity::kill | net/minecraft/entity/Entity::causeQuenchEffect | net/minecraft/entity/Entity::doBlockCollisions | net/minecraft/entity/Entity::spawnSplashParticles | net/minecraft/entity/Entity::setBeenAttacked | net/minecraft/entity/Entity::onChunkLoad | net/minecraft/entity/Entity::updateRidden | net/minecraft/entity/Entity::updateRiderPosition | net/minecraft/entity/Entity::performHurtAnimation | net/minecraft/entity/Entity::setInWeb | net/minecraft/entity/Entity::onTransferToWorld | net/minecraft/entity/Entity::removeFromChunk | net/minecraft/entity/Entity::transferToChunkCurrentlyIn,com/sk89q/worldedit/forge/ForgeEntity
method,func_70109_d,net/minecraft/entity/Entity,(Lnet/minecraft/nbt/NBTTagCompound;)V,writeToNBT,net/minecraft/entity/Entity::writeToNBT | net/minecraft/entity/Entity::readFromNBT | net/minecraft/entity/Entity::readEntityFromNBT | net/minecraft/entity/Entity::writeEntityToNBT,com/sk89q/worldedit/forge/ForgeEntity
method,func_70302_i_,net/minecraft/inventory/IInventory,()I,getSizeInventory,net/minecraft/inventory/IInventory::getSizeInventory | net/minecraft/inventory/IInventory::getInventoryStackLimit,com/sk89q/worldedit/forge/ForgeWorld
method,func_70307_a,net/minecraft/tileentity/TileEntity,(Lnet/minecraft/nbt/NBTTagCompound;)V,readFromNBT,net/minecraft/tileentity/TileEntity::readFromNBT | net/minecraft/tileentity/TileEntity::writeToNBT,com/sk89q/worldedit/forge/TileEntityUtils
method,func_70310_b,net/minecraft/tileentity/TileEntity,(Lnet/minecraft/nbt/NBTTagCompound;)V,writeToNBT,net/minecraft/tileentity/TileEntity::readFromNBT | net/minecraft/tileentity/TileEntity::writeToNBT,com/sk89q/worldedit/forge/TileEntityBaseBlock
method,func_70441_a,net/minecraft/entity/player/InventoryPlayer,(Lnet/minecraft/item/ItemStack;)Z,addItemStackToInventory,net/minecraft/entity/player/InventoryPlayer::canCompletelyMergeWithExistingItemStacks | net/minecraft/entity/player/InventoryPlayer::addItemStackToInventory | net/minecraft/entity/player/InventoryPlayer::hasItemStack | net/minecraft/entity/player/InventoryPlayer::isWearing,com/sk89q/worldedit/forge/ForgePlayer
method,func_70909_n,net/minecraft/entity/passive/EntityTameable,()Z,isTamed,net/minecraft/entity/passive/EntityTameable::isTamed | net/minecraft/entity/passive/EntityTameable::isSitting | net/minecraft/entity/passive/EntityAnimal::isAIEnabled | net/minecraft/entity/passive/EntityAnimal::canDespawn | net/minecraft/entity/passive/EntityAnimal::canEat | net/minecraft/entity/passive/EntityAnimal::isInLove | net/minecraft/entity/passive/EntityAnimal::isOnLadder | net/minecraft/entity/EntityAgeable::isChild | net/minecraft/entity/EntityCreature::isMovementCeased | net/minecraft/entity/EntityCreature::avoidsPathingThroughWater | net/minecraft/entity/EntityCreature::hasPath | net/minecraft/entity/EntityCreature::hasHome | net/minecraft/entity/EntityLiving::hasEquipment | net/minecraft/entity/EntityLiving::isAIEnabled | net/minecraft/entity/EntityLiving::isConsideredInViewOfAnyPlayerForDespawningPurposes | net/minecraft/entity/EntityLiving::canDespawn | net/minecraft/entity/EntityLiving::isPreventedFromSwimmingDueToParalyzation | net/minecraft/entity/EntityLiving::canSpawnOnLeaves | net/minecraft/entity/EntityLiving::canBeSteered | net/minecraft/entity/EntityLiving::hasCustomNameTag | net/minecraft/entity/EntityLiving::getAlwaysRenderNameTag | net/minecraft/entity/EntityLiving::getAlwaysRenderNameTagForRender | net/minecraft/entity/EntityLiving::canPickUpLoot | net/minecraft/entity/EntityLiving::isNoDespawnRequired | net/minecraft/entity/EntityLiving::allowLeashing | net/minecraft/entity/EntityLiving::getLeashed | net/minecraft/entity/EntityLiving::canEat | net/minecraft/entity/EntityLiving::isNearLitTorch | net/minecraft/entity/EntityLiving::tryDisableNearbyLightSource | net/minecraft/entity/EntityLiving::isSpooked | net/minecraft/entity/EntityLiving::isValidLightLevel | net/minecraft/entity/EntityLiving::isEntityInvulnerable | net/minecraft/entity/EntityLiving::isDecoy | net/minecraft/entity/EntityLiving::requiresLineOfSightToTargets | net/minecraft/entity/EntityLiving::catchesFireInSunlight | net/minecraft/entity/EntityLiving::isTargettingAPlayer | net/minecraft/entity/EntityLiving::isFrenzied | net/minecraft/entity/EntityLiving::isComfortableInLava | net/minecraft/entity/EntityLivingBase::canBreatheUnderwater | net/minecraft/entity/EntityLivingBase::breathesAir | net/minecraft/entity/EntityLivingBase::isChild | net/minecraft/entity/EntityLivingBase::hasActivePotionEffects | net/minecraft/entity/EntityLivingBase::isEntityUndead | net/minecraft/entity/EntityLivingBase::isEntityBiologicallyAlive | net/minecraft/entity/EntityLivingBase::canBePoisoned | net/minecraft/entity/EntityLivingBase::isArthropod | net/minecraft/entity/EntityLivingBase::hasFullHealth | net/minecraft/entity/EntityLivingBase::isOnLadder | net/minecraft/entity/EntityLivingBase::isEntityAlive | net/minecraft/entity/EntityLivingBase::isWearingArmor | net/minecraft/entity/EntityLivingBase::isWearingPumpkinHelmet | net/minecraft/entity/EntityLivingBase::hasHeldItem | net/minecraft/entity/EntityLivingBase::isMovementBlocked | net/minecraft/entity/EntityLivingBase::getAlwaysRenderNameTagForRender | net/minecraft/entity/EntityLivingBase::isAIEnabled | net/minecraft/entity/EntityLivingBase::inBed | net/minecraft/entity/EntityLivingBase::healsWithTime | net/minecraft/entity/EntityLivingBase::canBeCollidedWith | net/minecraft/entity/EntityLivingBase::canBePushed | net/minecraft/entity/EntityLivingBase::isBadlyWounded | net/minecraft/entity/EntityLivingBase::fleesWhenBadlyWounded | net/minecraft/entity/EntityLivingBase::considerFleeing | net/minecraft/entity/EntityLivingBase::considerStopFleeing | net/minecraft/entity/EntityLivingBase::canCatchFire | net/minecraft/entity/EntityLivingBase::isHarmedByFire | net/minecraft/entity/EntityLivingBase::isHarmedByLava | net/minecraft/entity/EntityLivingBase::isHarmedByPepsin | net/minecraft/entity/EntityLivingBase::isHoldingItemThatPreventsHandDamage | net/minecraft/entity/EntityLivingBase::isHarmedByDrowning | net/minecraft/entity/EntityLivingBase::canBeDamagedByCacti | net/minecraft/entity/EntityLivingBase::canTakeDamageFromThrownEggs | net/minecraft/entity/EntityLivingBase::canBeKnockedBack | net/minecraft/entity/EntityLivingBase::canOnlyPerformWeakStrike | net/minecraft/entity/EntityLivingBase::isInRain | net/minecraft/entity/EntityLivingBase::isInPrecipitation | net/minecraft/entity/Entity::isDecoy | net/minecraft/entity/Entity::isEntityPlayer | net/minecraft/entity/Entity::isEntityFX | net/minecraft/entity/Entity::isInFire | net/minecraft/entity/Entity::canTriggerWalking | net/minecraft/entity/Entity::canDouseFire | net/minecraft/entity/Entity::canCatchFire | net/minecraft/entity/Entity::isHarmedByFire | net/minecraft/entity/Entity::isHarmedByLava | net/minecraft/entity/Entity::isHarmedByPepsin | net/minecraft/entity/Entity::isHarmedByAcid | net/minecraft/entity/Entity::isWet | net/minecraft/entity/Entity::isInWater | net/minecraft/entity/Entity::handleWaterMovement | net/minecraft/entity/Entity::handleLavaMovement | net/minecraft/entity/Entity::isRepelledByCollisionWithPlayer | net/minecraft/entity/Entity::isCorporeal | net/minecraft/entity/Entity::canBeCollidedWith | net/minecraft/entity/Entity::canBePushed | net/minecraft/entity/Entity::isWrittenToChunkNBT | net/minecraft/entity/Entity::shouldSetPosAfterLoading | net/minecraft/entity/Entity::isEntityAlive | net/minecraft/entity/Entity::isEntityInsideOpaqueBlock | net/minecraft/entity/Entity::isSilverfishInsideDamagingOpaqueBlock | net/minecraft/entity/Entity::isBurning | net/minecraft/entity/Entity::isRiding | net/minecraft/entity/Entity::isSneaking | net/minecraft/entity/Entity::isSprinting | net/minecraft/entity/Entity::isInvisible | net/minecraft/entity/Entity::isEating | net/minecraft/entity/Entity::canAttackWithItem | net/minecraft/entity/Entity::isEntityUndead | net/minecraft/entity/Entity::isEntityInvulnerable | net/minecraft/entity/Entity::doesEntityNotTriggerPressurePlate | net/minecraft/entity/Entity::canRenderOnFire | net/minecraft/entity/Entity::isExpectedToHaveUUID | net/minecraft/entity/Entity::isPushedByWater | net/minecraft/entity/Entity::hasSkyAbove | net/minecraft/entity/Entity::isOutdoors | net/minecraft/entity/Entity::isInSunlight | net/minecraft/entity/Entity::isInRain | net/minecraft/entity/Entity::isInPrecipitation | net/minecraft/entity/Entity::isSuspendedInLiquid | net/minecraft/entity/Entity::isImmuneToExplosion | net/minecraft/entity/Entity::spawnFragParticles | net/minecraft/entity/Entity::drawBackFaces | net/minecraft/entity/Entity::canBeDamagedByCacti | net/minecraft/entity/Entity::isEntityLivingBase | net/minecraft/entity/Entity::isEntityLiving | net/minecraft/entity/Entity::hasModelItem | net/minecraft/entity/Entity::onClient | net/minecraft/entity/Entity::onServer | net/minecraft/entity/Entity::doesYawHaveNorthComponent | net/minecraft/entity/Entity::doesYawHaveSouthComponent | net/minecraft/entity/Entity::doesYawHaveWestComponent | net/minecraft/entity/Entity::doesYawHaveEastComponent | net/minecraft/entity/Entity::isWithinTournamentSafeZone | net/minecraft/entity/Entity::isZevimrgvInTournament | net/minecraft/entity/Entity::isArrow | net/minecraft/entity/Entity::isHarmedByDrowning | net/minecraft/entity/Entity::canBeKnockedBack | net/minecraft/entity/Entity::canTakeDamageFromPlayerThrownSnowballs | net/minecraft/entity/Entity::isAddedToAChunk | net/minecraft/entity/Entity::isUnderOpenSky | net/minecraft/entity/Entity::isPlayerInCreative | net/minecraft/entity/Entity::isInUnderworld | net/minecraft/entity/Entity::isInNether | net/minecraft/entity/Entity::isTrueAnimal | net/minecraft/entity/Entity::isAtCoordsInQuestion,com/sk89q/worldedit/forge/ForgeEntityType
method,func_71045_bC,net/minecraft/entity/player/EntityPlayerMP,()Lnet/minecraft/item/ItemStack;,getCurrentEquippedItem,net/minecraft/entity/player/EntityPlayer::getItemInUse | net/minecraft/entity/player/EntityPlayer::getHeldItemStack | net/minecraft/entity/EntityLivingBase::getBoots | net/minecraft/entity/EntityLivingBase::getLeggings | net/minecraft/entity/EntityLivingBase::getCuirass | net/minecraft/entity/EntityLivingBase::getHelmet | net/minecraft/entity/EntityLivingBase::getHeldItemStack,com/sk89q/worldedit/forge/ForgePlayer
method,func_72353_e,net/minecraft/server/management/ServerConfigurationManager,(Ljava/lang/String;)Z,areCommandsAllowed,net/minecraft/server/management/ServerConfigurationManager::isAllowedToLogin | net/minecraft/server/management/ServerConfigurationManager::isPlayerWhiteListed | net/minecraft/server/management/ServerConfigurationManager::isPlayerOpped,com/sk89q/worldedit/forge/ForgeUtil
method,func_72361_f,net/minecraft/server/management/ServerConfigurationManager,(Ljava/lang/String;)Lnet/minecraft/entity/player/EntityPlayerMP;,getPlayerForUsername,net/minecraft/server/management/ServerConfigurationManager::createPlayerForUser | net/minecraft/server/management/ServerConfigurationManager::getPlayerForUsername,com/sk89q/worldedit/forge/ForgePlatform
method,func_72369_d,net/minecraft/server/management/ServerConfigurationManager,()[Ljava/lang/String;,getAllUsernames,net/minecraft/server/management/ServerConfigurationManager::getAllUsernames | net/minecraft/server/management/ServerConfigurationManager::getAvailablePlayerDat,com/sk89q/worldedit/forge/ForgePlatform
method,func_72567_b,net/minecraft/network/NetServerHandler,(Lnet/minecraft/network/packet/Packet;)V,sendPacketToAllPlayersTrackingEntity,net/minecraft/network/NetServerHandler::unexpectedPacket | net/minecraft/network/NetServerHandler::sendPacketToPlayer | net/minecraft/network/packet/NetHandler::unexpectedPacket,com/sk89q/worldedit/forge/ForgePlayer
method,func_72798_a,net/minecraft/world/World,(III)I,getBlockId,net/minecraft/world/World::getBlockId | net/minecraft/world/World::blockGetRenderType | net/minecraft/world/World::getBlockMetadata | net/minecraft/world/World::getFullBlockLightValue | net/minecraft/world/World::getBlockLightValue | net/minecraft/world/World::getSavedSkylightValue | net/minecraft/world/World::getSavedBlocklightValue | net/minecraft/world/World::getBlockPowerInput | net/minecraft/world/World::getStrongestIndirectPower,com/sk89q/worldedit/forge/ForgeWorld
method,func_72805_g,net/minecraft/world/World,(III)I,getBlockMetadata,net/minecraft/world/World::getBlockId | net/minecraft/world/World::blockGetRenderType | net/minecraft/world/World::getBlockMetadata | net/minecraft/world/World::getFullBlockLightValue | net/minecraft/world/World::getBlockLightValue | net/minecraft/world/World::getSavedSkylightValue | net/minecraft/world/World::getSavedBlocklightValue | net/minecraft/world/World::getBlockPowerInput | net/minecraft/world/World::getStrongestIndirectPower,com/sk89q/worldedit/forge/ForgeWorld
method,func_72837_a,net/minecraft/world/World,(IIILnet/minecraft/tileentity/TileEntity;)V,addEntity,net/minecraft/world/World::setBlockTileEntity | net/minecraft/world/World::markTileEntityChunkModified,com/sk89q/worldedit/forge/TileEntityUtils
method,func_72838_d,net/minecraft/world/World,(Lnet/minecraft/entity/Entity;)Z,spawnEntityInWorld,net/minecraft/world/World::addWeatherEffect | net/minecraft/world/World::spawnEntityInWorld | net/minecraft/world/World::isEntityObjectInLoadedEntityList | net/minecraft/world/World::isEntityWithSameClassAndUUIDInUnloadedEntityList | net/minecraft/world/World::isEntityObjectInUnloadedEntityList,com/sk89q/worldedit/forge/ForgeWorld
method,func_72845_h,net/minecraft/world/World,(III)V,isAirBlock,net/minecraft/world/World::markBlockForUpdate | net/minecraft/world/World::markBlockForRenderUpdate | net/minecraft/world/World::removeBlockTileEntity | net/minecraft/world/World::setSpawnLocation,com/sk89q/worldedit/forge/ForgeWorld
method,func_72851_f,net/minecraft/world/World,(IIII)V,checkChunksExist,net/minecraft/world/World::notifyBlockChange | net/minecraft/world/World::notifyBlocksOfNeighborChange | net/minecraft/world/World::notifyBlockOfNeighborChange | net/minecraft/world/World::setSkylightValue | net/minecraft/world/World::setBlocklightValue | net/minecraft/world/World::placeNaturallyOccurringSnow,com/sk89q/worldedit/forge/ForgeWorld
method,func_72863_F,net/minecraft/world/World,()Lnet/minecraft/world/chunk/IChunkProvider;,getChunkProvider,net/minecraft/world/World::createChunkProvider | net/minecraft/world/World::getChunkProvider,com/sk89q/worldedit/forge/ForgeWorld
method,func_72910_y,net/minecraft/world/World,()Ljava/util/List;,getLoadedEntityList,net/minecraft/world/World::getLoadedEntityList | net/minecraft/world/World::getWeatherEventsForToday,com/sk89q/worldedit/forge/ForgeWorld
method,func_72938_d,net/minecraft/world/World,(II)Lnet/minecraft/world/chunk/Chunk;,getChunkFromBlockCoords,net/minecraft/world/World::getChunkIfItExists | net/minecraft/world/World::getChunkFromBlockCoordsIfItExists | net/minecraft/world/World::getChunkFromBlockCoords | net/minecraft/world/World::getChunkFromChunkCoords,com/sk89q/worldedit/forge/ForgeWorld
method,func_72957_l,net/minecraft/world/World,(III)I,getGameRules,net/minecraft/world/World::getBlockId | net/minecraft/world/World::blockGetRenderType | net/minecraft/world/World::getBlockMetadata | net/minecraft/world/World::getFullBlockLightValue | net/minecraft/world/World::getBlockLightValue | net/minecraft/world/World::getSavedSkylightValue | net/minecraft/world/World::getSavedBlocklightValue | net/minecraft/world/World::getBlockPowerInput | net/minecraft/world/World::getStrongestIndirectPower,com/sk89q/worldedit/forge/ForgeWorld
method,func_72964_e,net/minecraft/world/World,(II)Lnet/minecraft/world/chunk/Chunk;,getChunkFromChunkCoords,net/minecraft/world/World::getChunkIfItExists | net/minecraft/world/World::getChunkFromBlockCoordsIfItExists | net/minecraft/world/World::getChunkFromBlockCoords | net/minecraft/world/World::getChunkFromChunkCoords,com/sk89q/worldedit/forge/ForgeWorld
method,func_72969_x,net/minecraft/world/World,(III)V,markBlockForRenderUpdate,net/minecraft/world/World::markBlockForUpdate | net/minecraft/world/World::markBlockForRenderUpdate | net/minecraft/world/World::removeBlockTileEntity | net/minecraft/world/World::setSpawnLocation,com/sk89q/worldedit/forge/ForgeWorld
method,func_73154_d,net/minecraft/world/chunk/IChunkProvider,(II)Lnet/minecraft/world/chunk/Chunk;,provideChunk,net/minecraft/world/chunk/IChunkProvider::getChunkIfItExists | net/minecraft/world/chunk/IChunkProvider::provideChunk | net/minecraft/world/chunk/IChunkProvider::loadChunk,com/sk89q/worldedit/forge/ForgeWorld
method,func_73158_c,net/minecraft/world/gen/ChunkProviderServer,(II)Lnet/minecraft/world/chunk/Chunk;,loadChunk,net/minecraft/world/gen/ChunkProviderServer::getChunkIfItExists | net/minecraft/world/gen/ChunkProviderServer::loadChunk | net/minecraft/world/gen/ChunkProviderServer::provideChunk | net/minecraft/world/gen/ChunkProviderServer::safeLoadChunk,com/sk89q/worldedit/forge/ForgeWorld
method,func_74740_e,net/minecraft/nbt/NBTBase,()Ljava/lang/String;,getCompoundTag,net/minecraft/nbt/NBTBase::getName,com/sk89q/worldedit/forge/NBTConverter
method,func_74740_e,net/minecraft/nbt/NBTTagByte,()Ljava/lang/String;,getCompoundTag,net/minecraft/nbt/NBTTagByte::toString | net/minecraft/nbt/NBTBase::getName,com/sk89q/worldedit/forge/NBTConverter
method,func_74740_e,net/minecraft/nbt/NBTTagByteArray,()Ljava/lang/String;,getCompoundTag,net/minecraft/nbt/NBTTagByteArray::toString | net/minecraft/nbt/NBTBase::getName,com/sk89q/worldedit/forge/NBTConverter
method,func_74740_e,net/minecraft/nbt/NBTTagCompound,()Ljava/lang/String;,getCompoundTag,net/minecraft/nbt/NBTTagCompound::toString | net/minecraft/nbt/NBTBase::getName,com/sk89q/worldedit/forge/NBTConverter
method,func_74740_e,net/minecraft/nbt/NBTTagDouble,()Ljava/lang/String;,getCompoundTag,net/minecraft/nbt/NBTTagDouble::toString | net/minecraft/nbt/NBTBase::getName,com/sk89q/worldedit/forge/NBTConverter
method,func_74740_e,net/minecraft/nbt/NBTTagFloat,()Ljava/lang/String;,getCompoundTag,net/minecraft/nbt/NBTTagFloat::toString | net/minecraft/nbt/NBTBase::getName,com/sk89q/worldedit/forge/NBTConverter
method,func_74740_e,net/minecraft/nbt/NBTTagInt,()Ljava/lang/String;,getCompoundTag,net/minecraft/nbt/NBTTagInt::toString | net/minecraft/nbt/NBTBase::getName,com/sk89q/worldedit/forge/NBTConverter
method,func_74740_e,net/minecraft/nbt/NBTTagIntArray,()Ljava/lang/String;,getCompoundTag,net/minecraft/nbt/NBTTagIntArray::toString | net/minecraft/nbt/NBTBase::getName,com/sk89q/worldedit/forge/NBTConverter
method,func_74740_e,net/minecraft/nbt/NBTTagList,()Ljava/lang/String;,getCompoundTag,net/minecraft/nbt/NBTTagList::toString | net/minecraft/nbt/NBTBase::getName,com/sk89q/worldedit/forge/NBTConverter
method,func_74740_e,net/minecraft/nbt/NBTTagLong,()Ljava/lang/String;,getCompoundTag,net/minecraft/nbt/NBTTagLong::toString | net/minecraft/nbt/NBTBase::getName,com/sk89q/worldedit/forge/NBTConverter
method,func_74740_e,net/minecraft/nbt/NBTTagShort,()Ljava/lang/String;,getCompoundTag,net/minecraft/nbt/NBTTagShort::toString | net/minecraft/nbt/NBTBase::getName,com/sk89q/worldedit/forge/NBTConverter
method,func_74740_e,net/minecraft/nbt/NBTTagString,()Ljava/lang/String;,getCompoundTag,net/minecraft/nbt/NBTTagString::toString | net/minecraft/nbt/NBTBase::getName,com/sk89q/worldedit/forge/NBTConverter
method,func_74743_b,net/minecraft/nbt/NBTTagList,(I)Lnet/minecraft/nbt/NBTBase;,removeTag,net/minecraft/nbt/NBTTagList::removeTag | net/minecraft/nbt/NBTTagList::tagAt,com/sk89q/worldedit/forge/NBTConverter
method,func_74745_c,net/minecraft/nbt/NBTTagList,()I,tagAt,net/minecraft/nbt/NBTTagList::tagCount | net/minecraft/nbt/NBTTagList::hashCode | net/minecraft/nbt/NBTBase::hashCode,com/sk89q/worldedit/forge/NBTConverter
method,func_75620_a,net/minecraft/entity/EntityList,(Ljava/lang/String;Lnet/minecraft/world/World;)Lnet/minecraft/entity/Entity;,createEntityByName,net/minecraft/entity/EntityList::createEntityByName | net/minecraft/entity/EntityList::getEntityInstanceByNameCaseInsensitive,com/sk89q/worldedit/forge/ForgeWorld
method,func_76065_j,net/minecraft/world/storage/WorldInfo,()Ljava/lang/String;,getWorldName,net/minecraft/world/storage/WorldInfo::getWorldName | net/minecraft/world/storage/WorldInfo::getGeneratorOptions | net/minecraft/world/storage/WorldInfo::getIsNotValidReason,"com/sk89q/worldedit/forge/ForgePlatform, com/sk89q/worldedit/forge/ForgeWorld"
method,func_76159_d,net/minecraft/util/LongHashMap,(J)Ljava/lang/Object;,getTagOfType,net/minecraft/util/LongHashMap::getValueByKey | net/minecraft/util/LongHashMap::remove,com/sk89q/worldedit/forge/ForgeWorld
method,func_76592_a,net/minecraft/world/chunk/Chunk,(IIIII)Z,getPath,(none in MITE chain),com/sk89q/worldedit/forge/ForgeWorld
method,func_76610_a,net/minecraft/world/chunk/Chunk,(III)I,setBiomeArray,net/minecraft/world/chunk/Chunk::calcHeightMapValue | net/minecraft/world/chunk/Chunk::getBlockLightOpacity | net/minecraft/world/chunk/Chunk::getBlockID | net/minecraft/world/chunk/Chunk::getBlockMetadata | net/minecraft/world/chunk/Chunk::getSavedSkylightValue | net/minecraft/world/chunk/Chunk::getSavedBlocklightValue | net/minecraft/world/chunk/Chunk::getSavedSkylightValueForNonEmptyChunk | net/minecraft/world/chunk/Chunk::getSavedBlocklightValueForNonEmptyChunk,com/sk89q/worldedit/forge/ForgeWorld
method,func_76623_d,net/minecraft/world/chunk/Chunk,()V,removeChunk,net/minecraft/world/chunk/Chunk::propagateSkylightOcclusion | net/minecraft/world/chunk/Chunk::onChunkLoad | net/minecraft/world/chunk/Chunk::onChunkUnload | net/minecraft/world/chunk/Chunk::setChunkModified | net/minecraft/world/chunk/Chunk::resetRelightChecks | net/minecraft/world/chunk/Chunk::recalculateSkylightBottoms | net/minecraft/world/chunk/Chunk::setHadNaturallyOccurringMycelium,com/sk89q/worldedit/forge/ForgeWorld
method,func_76631_c,net/minecraft/world/chunk/Chunk,()V,saveChunk,net/minecraft/world/chunk/Chunk::propagateSkylightOcclusion | net/minecraft/world/chunk/Chunk::onChunkLoad | net/minecraft/world/chunk/Chunk::onChunkUnload | net/minecraft/world/chunk/Chunk::setChunkModified | net/minecraft/world/chunk/Chunk::resetRelightChecks | net/minecraft/world/chunk/Chunk::recalculateSkylightBottoms | net/minecraft/world/chunk/Chunk::setHadNaturallyOccurringMycelium,com/sk89q/worldedit/forge/ForgeWorld
method,func_77658_a,net/minecraft/item/Item,()Ljava/lang/String;,getUnlocalizedName,net/minecraft/item/Item::getUnlocalizedName | net/minecraft/item/Item::getStatName | net/minecraft/item/Item::getPotionEffect | net/minecraft/item/Item::getItemDisplayName | net/minecraft/item/Item::toString | net/minecraft/item/Item::getNameForReferenceFile | net/minecraft/item/Item::getIconString,com/sk89q/worldedit/forge/ForgePlatform
method,func_94056_bM,net/minecraft/entity/EntityLiving,()Z,hasCustomNameTag,net/minecraft/entity/EntityLiving::hasEquipment | net/minecraft/entity/EntityLiving::isAIEnabled | net/minecraft/entity/EntityLiving::isConsideredInViewOfAnyPlayerForDespawningPurposes | net/minecraft/entity/EntityLiving::canDespawn | net/minecraft/entity/EntityLiving::isPreventedFromSwimmingDueToParalyzation | net/minecraft/entity/EntityLiving::canSpawnOnLeaves | net/minecraft/entity/EntityLiving::canBeSteered | net/minecraft/entity/EntityLiving::hasCustomNameTag | net/minecraft/entity/EntityLiving::getAlwaysRenderNameTag | net/minecraft/entity/EntityLiving::getAlwaysRenderNameTagForRender | net/minecraft/entity/EntityLiving::canPickUpLoot | net/minecraft/entity/EntityLiving::isNoDespawnRequired | net/minecraft/entity/EntityLiving::allowLeashing | net/minecraft/entity/EntityLiving::getLeashed | net/minecraft/entity/EntityLiving::canEat | net/minecraft/entity/EntityLiving::isNearLitTorch | net/minecraft/entity/EntityLiving::tryDisableNearbyLightSource | net/minecraft/entity/EntityLiving::isSpooked | net/minecraft/entity/EntityLiving::isValidLightLevel | net/minecraft/entity/EntityLiving::isEntityInvulnerable | net/minecraft/entity/EntityLiving::isDecoy | net/minecraft/entity/EntityLiving::requiresLineOfSightToTargets | net/minecraft/entity/EntityLiving::catchesFireInSunlight | net/minecraft/entity/EntityLiving::isTargettingAPlayer | net/minecraft/entity/EntityLiving::isFrenzied | net/minecraft/entity/EntityLiving::isComfortableInLava | net/minecraft/entity/EntityLivingBase::canBreatheUnderwater | net/minecraft/entity/EntityLivingBase::breathesAir | net/minecraft/entity/EntityLivingBase::isChild | net/minecraft/entity/EntityLivingBase::hasActivePotionEffects | net/minecraft/entity/EntityLivingBase::isEntityUndead | net/minecraft/entity/EntityLivingBase::isEntityBiologicallyAlive | net/minecraft/entity/EntityLivingBase::canBePoisoned | net/minecraft/entity/EntityLivingBase::isArthropod | net/minecraft/entity/EntityLivingBase::hasFullHealth | net/minecraft/entity/EntityLivingBase::isOnLadder | net/minecraft/entity/EntityLivingBase::isEntityAlive | net/minecraft/entity/EntityLivingBase::isWearingArmor | net/minecraft/entity/EntityLivingBase::isWearingPumpkinHelmet | net/minecraft/entity/EntityLivingBase::hasHeldItem | net/minecraft/entity/EntityLivingBase::isMovementBlocked | net/minecraft/entity/EntityLivingBase::getAlwaysRenderNameTagForRender | net/minecraft/entity/EntityLivingBase::isAIEnabled | net/minecraft/entity/EntityLivingBase::inBed | net/minecraft/entity/EntityLivingBase::healsWithTime | net/minecraft/entity/EntityLivingBase::canBeCollidedWith | net/minecraft/entity/EntityLivingBase::canBePushed | net/minecraft/entity/EntityLivingBase::isBadlyWounded | net/minecraft/entity/EntityLivingBase::fleesWhenBadlyWounded | net/minecraft/entity/EntityLivingBase::considerFleeing | net/minecraft/entity/EntityLivingBase::considerStopFleeing | net/minecraft/entity/EntityLivingBase::canCatchFire | net/minecraft/entity/EntityLivingBase::isHarmedByFire | net/minecraft/entity/EntityLivingBase::isHarmedByLava | net/minecraft/entity/EntityLivingBase::isHarmedByPepsin | net/minecraft/entity/EntityLivingBase::isHoldingItemThatPreventsHandDamage | net/minecraft/entity/EntityLivingBase::isHarmedByDrowning | net/minecraft/entity/EntityLivingBase::canBeDamagedByCacti | net/minecraft/entity/EntityLivingBase::canTakeDamageFromThrownEggs | net/minecraft/entity/EntityLivingBase::canBeKnockedBack | net/minecraft/entity/EntityLivingBase::canOnlyPerformWeakStrike | net/minecraft/entity/EntityLivingBase::isInRain | net/minecraft/entity/EntityLivingBase::isInPrecipitation | net/minecraft/entity/Entity::isDecoy | net/minecraft/entity/Entity::isEntityPlayer | net/minecraft/entity/Entity::isEntityFX | net/minecraft/entity/Entity::isInFire | net/minecraft/entity/Entity::canTriggerWalking | net/minecraft/entity/Entity::canDouseFire | net/minecraft/entity/Entity::canCatchFire | net/minecraft/entity/Entity::isHarmedByFire | net/minecraft/entity/Entity::isHarmedByLava | net/minecraft/entity/Entity::isHarmedByPepsin | net/minecraft/entity/Entity::isHarmedByAcid | net/minecraft/entity/Entity::isWet | net/minecraft/entity/Entity::isInWater | net/minecraft/entity/Entity::handleWaterMovement | net/minecraft/entity/Entity::handleLavaMovement | net/minecraft/entity/Entity::isRepelledByCollisionWithPlayer | net/minecraft/entity/Entity::isCorporeal | net/minecraft/entity/Entity::canBeCollidedWith | net/minecraft/entity/Entity::canBePushed | net/minecraft/entity/Entity::isWrittenToChunkNBT | net/minecraft/entity/Entity::shouldSetPosAfterLoading | net/minecraft/entity/Entity::isEntityAlive | net/minecraft/entity/Entity::isEntityInsideOpaqueBlock | net/minecraft/entity/Entity::isSilverfishInsideDamagingOpaqueBlock | net/minecraft/entity/Entity::isBurning | net/minecraft/entity/Entity::isRiding | net/minecraft/entity/Entity::isSneaking | net/minecraft/entity/Entity::isSprinting | net/minecraft/entity/Entity::isInvisible | net/minecraft/entity/Entity::isEating | net/minecraft/entity/Entity::canAttackWithItem | net/minecraft/entity/Entity::isEntityUndead | net/minecraft/entity/Entity::isEntityInvulnerable | net/minecraft/entity/Entity::doesEntityNotTriggerPressurePlate | net/minecraft/entity/Entity::canRenderOnFire | net/minecraft/entity/Entity::isExpectedToHaveUUID | net/minecraft/entity/Entity::isPushedByWater | net/minecraft/entity/Entity::hasSkyAbove | net/minecraft/entity/Entity::isOutdoors | net/minecraft/entity/Entity::isInSunlight | net/minecraft/entity/Entity::isInRain | net/minecraft/entity/Entity::isInPrecipitation | net/minecraft/entity/Entity::isSuspendedInLiquid | net/minecraft/entity/Entity::isImmuneToExplosion | net/minecraft/entity/Entity::spawnFragParticles | net/minecraft/entity/Entity::drawBackFaces | net/minecraft/entity/Entity::canBeDamagedByCacti | net/minecraft/entity/Entity::isEntityLivingBase | net/minecraft/entity/Entity::isEntityLiving | net/minecraft/entity/Entity::hasModelItem | net/minecraft/entity/Entity::onClient | net/minecraft/entity/Entity::onServer | net/minecraft/entity/Entity::doesYawHaveNorthComponent | net/minecraft/entity/Entity::doesYawHaveSouthComponent | net/minecraft/entity/Entity::doesYawHaveWestComponent | net/minecraft/entity/Entity::doesYawHaveEastComponent | net/minecraft/entity/Entity::isWithinTournamentSafeZone | net/minecraft/entity/Entity::isZevimrgvInTournament | net/minecraft/entity/Entity::isArrow | net/minecraft/entity/Entity::isHarmedByDrowning | net/minecraft/entity/Entity::canBeKnockedBack | net/minecraft/entity/Entity::canTakeDamageFromPlayerThrownSnowballs | net/minecraft/entity/Entity::isAddedToAChunk | net/minecraft/entity/Entity::isUnderOpenSky | net/minecraft/entity/Entity::isPlayerInCreative | net/minecraft/entity/Entity::isInUnderworld | net/minecraft/entity/Entity::isInNether | net/minecraft/entity/Entity::isTrueAnimal | net/minecraft/entity/Entity::isAtCoordsInQuestion,com/sk89q/worldedit/forge/ForgeEntityType
method,func_96440_m,net/minecraft/world/World,(IIII)V,getEnableCommandBlocks,net/minecraft/world/World::notifyBlockChange | net/minecraft/world/World::notifyBlocksOfNeighborChange | net/minecraft/world/World::notifyBlockOfNeighborChange | net/minecraft/world/World::setSkylightValue | net/minecraft/world/World::setBlocklightValue | net/minecraft/world/World::placeNaturallyOccurringSnow,com/sk89q/worldedit/forge/ForgeWorld
method,func_96468_q_,net/minecraft/block/Block,()Z,isReplaceable,net/minecraft/block/Block::isTreeLeaves | net/minecraft/block/Block::renderAsNormalBlock | net/minecraft/block/Block::isWoodenPortal | net/minecraft/block/Block::getTickRandomly | net/minecraft/block/Block::hasTileEntity | net/minecraft/block/Block::isAlwaysOpaqueStandardFormCube | net/minecraft/block/Block::isNeverOpaqueStandardFormCube | net/minecraft/block/Block::isAlwaysStandardFormCube | net/minecraft/block/Block::isAlwaysSolid | net/minecraft/block/Block::isNeverSolid | net/minecraft/block/Block::isNeverStandardFormCube | net/minecraft/block/Block::isNeverSolidStandardFormCube | net/minecraft/block/Block::isAlwaysSolidStandardFormCube | net/minecraft/block/Block::isAlwaysSolidOpaqueStandardFormCube | net/minecraft/block/Block::isNeverSolidOpaqueStandardFormCube | net/minecraft/block/Block::neverHidesAdjacentFaces | net/minecraft/block/Block::isCollidable | net/minecraft/block/Block::canDropExperienceOrbs | net/minecraft/block/Block::isPortal | net/minecraft/block/Block::isAlwaysLegal | net/minecraft/block/Block::usesNewSandPhysics | net/minecraft/block/Block::isAlwaysReplaceable | net/minecraft/block/Block::canProvidePower | net/minecraft/block/Block::canBeCarried | net/minecraft/block/Block::getEnableStats | net/minecraft/block/Block::isFlowerPot | net/minecraft/block/Block::hasComparatorInputOverride | net/minecraft/block/Block::isLiquid | net/minecraft/block/Block::hasItemSubtypes | net/minecraft/block/Block::isSingleSlab | net/minecraft/block/Block::connectsWithFence | net/minecraft/block/Block::isWater,com/sk89q/worldedit/forge/ForgeWorld
field,field_70125_A,net/minecraft/entity/Entity,F,,net/minecraft/entity/Entity::rotationYaw | net/minecraft/entity/Entity::rotationPitch | net/minecraft/entity/Entity::prevRotationYaw | net/minecraft/entity/Entity::prevRotationPitch | net/minecraft/entity/Entity::yOffset | net/minecraft/entity/Entity::width | net/minecraft/entity/Entity::height | net/minecraft/entity/Entity::prevDistanceWalkedModified | net/minecraft/entity/Entity::distanceWalkedModified | net/minecraft/entity/Entity::distanceWalkedOnStepModified | net/minecraft/entity/Entity::fallDistance | net/minecraft/entity/Entity::ySize | net/minecraft/entity/Entity::stepHeight | net/minecraft/entity/Entity::entityCollisionReduction,com/sk89q/worldedit/forge/ForgeEntity
field,field_70125_A,net/minecraft/entity/player/EntityPlayerMP,F,,net/minecraft/entity/player/EntityPlayerMP::lastHealth | net/minecraft/entity/player/EntityPlayerMP::vision_dimming_on_client | net/minecraft/entity/player/EntityPlayer::prevCameraYaw | net/minecraft/entity/player/EntityPlayer::cameraYaw | net/minecraft/entity/player/EntityPlayer::speedOnGround | net/minecraft/entity/player/EntityPlayer::speedInAir | net/minecraft/entity/player/EntityPlayer::vision_dimming | net/minecraft/entity/player/EntityPlayer::y_offset_on_client_and_eye_height_on_server | net/minecraft/entity/EntityLivingBase::prevHealth | net/minecraft/entity/EntityLivingBase::attackedAtYaw | net/minecraft/entity/EntityLivingBase::prevSwingProgress | net/minecraft/entity/EntityLivingBase::swingProgress | net/minecraft/entity/EntityLivingBase::prevLimbSwingAmount | net/minecraft/entity/EntityLivingBase::limbSwingAmount | net/minecraft/entity/EntityLivingBase::limbSwing | net/minecraft/entity/EntityLivingBase::prevCameraPitch | net/minecraft/entity/EntityLivingBase::cameraPitch | net/minecraft/entity/EntityLivingBase::renderYawOffset | net/minecraft/entity/EntityLivingBase::prevRenderYawOffset | net/minecraft/entity/EntityLivingBase::rotationYawHead | net/minecraft/entity/EntityLivingBase::prevRotationYawHead | net/minecraft/entity/EntityLivingBase::jumpMovementFactor | net/minecraft/entity/EntityLivingBase::lastDamage | net/minecraft/entity/EntityLivingBase::moveStrafing | net/minecraft/entity/EntityLivingBase::moveForward | net/minecraft/entity/EntityLivingBase::randomYawVelocity | net/minecraft/entity/EntityLivingBase::landMovementFactor | net/minecraft/entity/Entity::rotationYaw | net/minecraft/entity/Entity::rotationPitch | net/minecraft/entity/Entity::prevRotationYaw | net/minecraft/entity/Entity::prevRotationPitch | net/minecraft/entity/Entity::yOffset | net/minecraft/entity/Entity::width | net/minecraft/entity/Entity::height | net/minecraft/entity/Entity::prevDistanceWalkedModified | net/minecraft/entity/Entity::distanceWalkedModified | net/minecraft/entity/Entity::distanceWalkedOnStepModified | net/minecraft/entity/Entity::fallDistance | net/minecraft/entity/Entity::ySize | net/minecraft/entity/Entity::stepHeight | net/minecraft/entity/Entity::entityCollisionReduction,com/sk89q/worldedit/forge/ForgePlayer
field,field_70161_v,net/minecraft/entity/Entity,D,,net/minecraft/entity/Entity::renderDistanceWeight | net/minecraft/entity/Entity::prevPosX | net/minecraft/entity/Entity::prevPosY | net/minecraft/entity/Entity::prevPosZ | net/minecraft/entity/Entity::posX | net/minecraft/entity/Entity::posY | net/minecraft/entity/Entity::posZ | net/minecraft/entity/Entity::motionX | net/minecraft/entity/Entity::motionY | net/minecraft/entity/Entity::motionZ | net/minecraft/entity/Entity::lastTickPosX | net/minecraft/entity/Entity::lastTickPosY | net/minecraft/entity/Entity::lastTickPosZ | net/minecraft/entity/Entity::entityRiderPitchDelta | net/minecraft/entity/Entity::entityRiderYawDelta,"com/sk89q/worldedit/forge/ForgeEntity, com/sk89q/worldedit/forge/ForgeWorld"
field,field_70161_v,net/minecraft/entity/player/EntityPlayerMP,D,,net/minecraft/entity/player/EntityPlayerMP::managedPosX | net/minecraft/entity/player/EntityPlayerMP::managedPosZ | net/minecraft/entity/player/EntityPlayerMP::pos_x_at_last_world_map_update | net/minecraft/entity/player/EntityPlayerMP::pos_z_at_last_world_map_update | net/minecraft/entity/player/EntityPlayerMP::last_received_motion_x | net/minecraft/entity/player/EntityPlayerMP::last_received_motion_z | net/minecraft/entity/player/EntityPlayer::pos_x_before_bed | net/minecraft/entity/player/EntityPlayer::pos_y_before_bed | net/minecraft/entity/player/EntityPlayer::pos_z_before_bed | net/minecraft/entity/player/EntityPlayer::block_placement_pos_x | net/minecraft/entity/player/EntityPlayer::block_placement_pos_y | net/minecraft/entity/player/EntityPlayer::block_placement_pos_z | net/minecraft/entity/EntityLivingBase::newPosX | net/minecraft/entity/EntityLivingBase::newPosY | net/minecraft/entity/EntityLivingBase::newPosZ | net/minecraft/entity/EntityLivingBase::newRotationYaw | net/minecraft/entity/EntityLivingBase::newRotationPitch | net/minecraft/entity/Entity::renderDistanceWeight | net/minecraft/entity/Entity::prevPosX | net/minecraft/entity/Entity::prevPosY | net/minecraft/entity/Entity::prevPosZ | net/minecraft/entity/Entity::posX | net/minecraft/entity/Entity::posY | net/minecraft/entity/Entity::posZ | net/minecraft/entity/Entity::motionX | net/minecraft/entity/Entity::motionY | net/minecraft/entity/Entity::motionZ | net/minecraft/entity/Entity::lastTickPosX | net/minecraft/entity/Entity::lastTickPosY | net/minecraft/entity/Entity::lastTickPosZ | net/minecraft/entity/Entity::entityRiderPitchDelta | net/minecraft/entity/Entity::entityRiderYawDelta,com/sk89q/worldedit/forge/ForgePlayer
field,field_70163_u,net/minecraft/entity/Entity,D,,net/minecraft/entity/Entity::renderDistanceWeight | net/minecraft/entity/Entity::prevPosX | net/minecraft/entity/Entity::prevPosY | net/minecraft/entity/Entity::prevPosZ | net/minecraft/entity/Entity::posX | net/minecraft/entity/Entity::posY | net/minecraft/entity/Entity::posZ | net/minecraft/entity/Entity::motionX | net/minecraft/entity/Entity::motionY | net/minecraft/entity/Entity::motionZ | net/minecraft/entity/Entity::lastTickPosX | net/minecraft/entity/Entity::lastTickPosY | net/minecraft/entity/Entity::lastTickPosZ | net/minecraft/entity/Entity::entityRiderPitchDelta | net/minecraft/entity/Entity::entityRiderYawDelta,"com/sk89q/worldedit/forge/ForgeEntity, com/sk89q/worldedit/forge/ForgeWorld"
field,field_70163_u,net/minecraft/entity/player/EntityPlayerMP,D,,net/minecraft/entity/player/EntityPlayerMP::managedPosX | net/minecraft/entity/player/EntityPlayerMP::managedPosZ | net/minecraft/entity/player/EntityPlayerMP::pos_x_at_last_world_map_update | net/minecraft/entity/player/EntityPlayerMP::pos_z_at_last_world_map_update | net/minecraft/entity/player/EntityPlayerMP::last_received_motion_x | net/minecraft/entity/player/EntityPlayerMP::last_received_motion_z | net/minecraft/entity/player/EntityPlayer::pos_x_before_bed | net/minecraft/entity/player/EntityPlayer::pos_y_before_bed | net/minecraft/entity/player/EntityPlayer::pos_z_before_bed | net/minecraft/entity/player/EntityPlayer::block_placement_pos_x | net/minecraft/entity/player/EntityPlayer::block_placement_pos_y | net/minecraft/entity/player/EntityPlayer::block_placement_pos_z | net/minecraft/entity/EntityLivingBase::newPosX | net/minecraft/entity/EntityLivingBase::newPosY | net/minecraft/entity/EntityLivingBase::newPosZ | net/minecraft/entity/EntityLivingBase::newRotationYaw | net/minecraft/entity/EntityLivingBase::newRotationPitch | net/minecraft/entity/Entity::renderDistanceWeight | net/minecraft/entity/Entity::prevPosX | net/minecraft/entity/Entity::prevPosY | net/minecraft/entity/Entity::prevPosZ | net/minecraft/entity/Entity::posX | net/minecraft/entity/Entity::posY | net/minecraft/entity/Entity::posZ | net/minecraft/entity/Entity::motionX | net/minecraft/entity/Entity::motionY | net/minecraft/entity/Entity::motionZ | net/minecraft/entity/Entity::lastTickPosX | net/minecraft/entity/Entity::lastTickPosY | net/minecraft/entity/Entity::lastTickPosZ | net/minecraft/entity/Entity::entityRiderPitchDelta | net/minecraft/entity/Entity::entityRiderYawDelta,com/sk89q/worldedit/forge/ForgePlayer
field,field_70165_t,net/minecraft/entity/Entity,D,,net/minecraft/entity/Entity::renderDistanceWeight | net/minecraft/entity/Entity::prevPosX | net/minecraft/entity/Entity::prevPosY | net/minecraft/entity/Entity::prevPosZ | net/minecraft/entity/Entity::posX | net/minecraft/entity/Entity::posY | net/minecraft/entity/Entity::posZ | net/minecraft/entity/Entity::motionX | net/minecraft/entity/Entity::motionY | net/minecraft/entity/Entity::motionZ | net/minecraft/entity/Entity::lastTickPosX | net/minecraft/entity/Entity::lastTickPosY | net/minecraft/entity/Entity::lastTickPosZ | net/minecraft/entity/Entity::entityRiderPitchDelta | net/minecraft/entity/Entity::entityRiderYawDelta,"com/sk89q/worldedit/forge/ForgeEntity, com/sk89q/worldedit/forge/ForgeWorld"
field,field_70165_t,net/minecraft/entity/player/EntityPlayerMP,D,,net/minecraft/entity/player/EntityPlayerMP::managedPosX | net/minecraft/entity/player/EntityPlayerMP::managedPosZ | net/minecraft/entity/player/EntityPlayerMP::pos_x_at_last_world_map_update | net/minecraft/entity/player/EntityPlayerMP::pos_z_at_last_world_map_update | net/minecraft/entity/player/EntityPlayerMP::last_received_motion_x | net/minecraft/entity/player/EntityPlayerMP::last_received_motion_z | net/minecraft/entity/player/EntityPlayer::pos_x_before_bed | net/minecraft/entity/player/EntityPlayer::pos_y_before_bed | net/minecraft/entity/player/EntityPlayer::pos_z_before_bed | net/minecraft/entity/player/EntityPlayer::block_placement_pos_x | net/minecraft/entity/player/EntityPlayer::block_placement_pos_y | net/minecraft/entity/player/EntityPlayer::block_placement_pos_z | net/minecraft/entity/EntityLivingBase::newPosX | net/minecraft/entity/EntityLivingBase::newPosY | net/minecraft/entity/EntityLivingBase::newPosZ | net/minecraft/entity/EntityLivingBase::newRotationYaw | net/minecraft/entity/EntityLivingBase::newRotationPitch | net/minecraft/entity/Entity::renderDistanceWeight | net/minecraft/entity/Entity::prevPosX | net/minecraft/entity/Entity::prevPosY | net/minecraft/entity/Entity::prevPosZ | net/minecraft/entity/Entity::posX | net/minecraft/entity/Entity::posY | net/minecraft/entity/Entity::posZ | net/minecraft/entity/Entity::motionX | net/minecraft/entity/Entity::motionY | net/minecraft/entity/Entity::motionZ | net/minecraft/entity/Entity::lastTickPosX | net/minecraft/entity/Entity::lastTickPosY | net/minecraft/entity/Entity::lastTickPosZ | net/minecraft/entity/Entity::entityRiderPitchDelta | net/minecraft/entity/Entity::entityRiderYawDelta,com/sk89q/worldedit/forge/ForgePlayer
field,field_70170_p,net/minecraft/entity/Entity,Lnet/minecraft/world/World;,,net/minecraft/entity/Entity::worldObj,"com/sk89q/worldedit/forge/ForgeEntity, com/sk89q/worldedit/forge/ForgeWorldEdit"
field,field_70170_p,net/minecraft/entity/player/EntityPlayer,Lnet/minecraft/world/World;,,net/minecraft/entity/player/EntityPlayer::block_placement_world | net/minecraft/entity/Entity::worldObj,com/sk89q/worldedit/forge/ForgeWorldEdit
field,field_70170_p,net/minecraft/entity/player/EntityPlayerMP,Lnet/minecraft/world/World;,,net/minecraft/entity/player/EntityPlayer::block_placement_world | net/minecraft/entity/Entity::worldObj,"com/sk89q/worldedit/forge/ForgePlayer, com/sk89q/worldedit/forge/ForgeWorldEdit"
field,field_70177_z,net/minecraft/entity/Entity,F,,net/minecraft/entity/Entity::rotationYaw | net/minecraft/entity/Entity::rotationPitch | net/minecraft/entity/Entity::prevRotationYaw | net/minecraft/entity/Entity::prevRotationPitch | net/minecraft/entity/Entity::yOffset | net/minecraft/entity/Entity::width | net/minecraft/entity/Entity::height | net/minecraft/entity/Entity::prevDistanceWalkedModified | net/minecraft/entity/Entity::distanceWalkedModified | net/minecraft/entity/Entity::distanceWalkedOnStepModified | net/minecraft/entity/Entity::fallDistance | net/minecraft/entity/Entity::ySize | net/minecraft/entity/Entity::stepHeight | net/minecraft/entity/Entity::entityCollisionReduction,com/sk89q/worldedit/forge/ForgeEntity
field,field_70177_z,net/minecraft/entity/player/EntityPlayerMP,F,,net/minecraft/entity/player/EntityPlayerMP::lastHealth | net/minecraft/entity/player/EntityPlayerMP::vision_dimming_on_client | net/minecraft/entity/player/EntityPlayer::prevCameraYaw | net/minecraft/entity/player/EntityPlayer::cameraYaw | net/minecraft/entity/player/EntityPlayer::speedOnGround | net/minecraft/entity/player/EntityPlayer::speedInAir | net/minecraft/entity/player/EntityPlayer::vision_dimming | net/minecraft/entity/player/EntityPlayer::y_offset_on_client_and_eye_height_on_server | net/minecraft/entity/EntityLivingBase::prevHealth | net/minecraft/entity/EntityLivingBase::attackedAtYaw | net/minecraft/entity/EntityLivingBase::prevSwingProgress | net/minecraft/entity/EntityLivingBase::swingProgress | net/minecraft/entity/EntityLivingBase::prevLimbSwingAmount | net/minecraft/entity/EntityLivingBase::limbSwingAmount | net/minecraft/entity/EntityLivingBase::limbSwing | net/minecraft/entity/EntityLivingBase::prevCameraPitch | net/minecraft/entity/EntityLivingBase::cameraPitch | net/minecraft/entity/EntityLivingBase::renderYawOffset | net/minecraft/entity/EntityLivingBase::prevRenderYawOffset | net/minecraft/entity/EntityLivingBase::rotationYawHead | net/minecraft/entity/EntityLivingBase::prevRotationYawHead | net/minecraft/entity/EntityLivingBase::jumpMovementFactor | net/minecraft/entity/EntityLivingBase::lastDamage | net/minecraft/entity/EntityLivingBase::moveStrafing | net/minecraft/entity/EntityLivingBase::moveForward | net/minecraft/entity/EntityLivingBase::randomYawVelocity | net/minecraft/entity/EntityLivingBase::landMovementFactor | net/minecraft/entity/Entity::rotationYaw | net/minecraft/entity/Entity::rotationPitch | net/minecraft/entity/Entity::prevRotationYaw | net/minecraft/entity/Entity::prevRotationPitch | net/minecraft/entity/Entity::yOffset | net/minecraft/entity/Entity::width | net/minecraft/entity/Entity::height | net/minecraft/entity/Entity::prevDistanceWalkedModified | net/minecraft/entity/Entity::distanceWalkedModified | net/minecraft/entity/Entity::distanceWalkedOnStepModified | net/minecraft/entity/Entity::fallDistance | net/minecraft/entity/Entity::ySize | net/minecraft/entity/Entity::stepHeight | net/minecraft/entity/Entity::entityCollisionReduction,com/sk89q/worldedit/forge/ForgePlayer
field,field_70293_c,net/minecraft/entity/item/EntityItem,I,,net/minecraft/entity/item/EntityItem::age | net/minecraft/entity/item/EntityItem::delayBeforeCanPickup | net/minecraft/entity/item/EntityItem::health | net/minecraft/entity/Entity::nextEntityID | net/minecraft/entity/Entity::entityId | net/minecraft/entity/Entity::nextStepDistance | net/minecraft/entity/Entity::ticksExisted | net/minecraft/entity/Entity::fire | net/minecraft/entity/Entity::hurtResistantTime | net/minecraft/entity/Entity::chunk_added_to_section_index | net/minecraft/entity/Entity::last_chunk_saved_to_entity_list_index | net/minecraft/entity/Entity::last_chunk_loaded_from_entity_list_index | net/minecraft/entity/Entity::timeUntilPortal | net/minecraft/entity/Entity::ticks_since_portal_teleport | net/minecraft/entity/Entity::portal_destination_dimension_id | net/minecraft/entity/Entity::portalCounter | net/minecraft/entity/Entity::dimension | net/minecraft/entity/Entity::teleportDirection | net/minecraft/entity/Entity::spawn_x | net/minecraft/entity/Entity::spawn_y | net/minecraft/entity/Entity::spawn_z | net/minecraft/entity/Entity::despawn_counter | net/minecraft/entity/Entity::ticks_on_ground | net/minecraft/entity/Entity::seen_by_bat_countdown | net/minecraft/entity/Entity::index_of_last_applicable_world_renderer | net/minecraft/entity/Entity::ticks_since_last_wet | net/minecraft/entity/Entity::raycast_seed_offset,com/sk89q/worldedit/forge/ForgeWorld
field,field_70726_aT,net/minecraft/entity/player/EntityPlayerMP,F,,net/minecraft/entity/player/EntityPlayerMP::lastHealth | net/minecraft/entity/player/EntityPlayerMP::vision_dimming_on_client | net/minecraft/entity/player/EntityPlayer::prevCameraYaw | net/minecraft/entity/player/EntityPlayer::cameraYaw | net/minecraft/entity/player/EntityPlayer::speedOnGround | net/minecraft/entity/player/EntityPlayer::speedInAir | net/minecraft/entity/player/EntityPlayer::vision_dimming | net/minecraft/entity/player/EntityPlayer::y_offset_on_client_and_eye_height_on_server | net/minecraft/entity/EntityLivingBase::prevHealth | net/minecraft/entity/EntityLivingBase::attackedAtYaw | net/minecraft/entity/EntityLivingBase::prevSwingProgress | net/minecraft/entity/EntityLivingBase::swingProgress | net/minecraft/entity/EntityLivingBase::prevLimbSwingAmount | net/minecraft/entity/EntityLivingBase::limbSwingAmount | net/minecraft/entity/EntityLivingBase::limbSwing | net/minecraft/entity/EntityLivingBase::prevCameraPitch | net/minecraft/entity/EntityLivingBase::cameraPitch | net/minecraft/entity/EntityLivingBase::renderYawOffset | net/minecraft/entity/EntityLivingBase::prevRenderYawOffset | net/minecraft/entity/EntityLivingBase::rotationYawHead | net/minecraft/entity/EntityLivingBase::prevRotationYawHead | net/minecraft/entity/EntityLivingBase::jumpMovementFactor | net/minecraft/entity/EntityLivingBase::lastDamage | net/minecraft/entity/EntityLivingBase::moveStrafing | net/minecraft/entity/EntityLivingBase::moveForward | net/minecraft/entity/EntityLivingBase::randomYawVelocity | net/minecraft/entity/EntityLivingBase::landMovementFactor | net/minecraft/entity/Entity::rotationYaw | net/minecraft/entity/Entity::rotationPitch | net/minecraft/entity/Entity::prevRotationYaw | net/minecraft/entity/Entity::prevRotationPitch | net/minecraft/entity/Entity::yOffset | net/minecraft/entity/Entity::width | net/minecraft/entity/Entity::height | net/minecraft/entity/Entity::prevDistanceWalkedModified | net/minecraft/entity/Entity::distanceWalkedModified | net/minecraft/entity/Entity::distanceWalkedOnStepModified | net/minecraft/entity/Entity::fallDistance | net/minecraft/entity/Entity::ySize | net/minecraft/entity/Entity::stepHeight | net/minecraft/entity/Entity::entityCollisionReduction,com/sk89q/worldedit/forge/ForgePlayer
field,field_71092_bJ,net/minecraft/entity/player/EntityPlayerMP,Ljava/lang/String;,,net/minecraft/entity/player/EntityPlayerMP::translator | net/minecraft/entity/player/EntityPlayer::username | net/minecraft/entity/EntityLivingBase::last_harming_entity_unique_id_string,"com/sk89q/worldedit/forge/ForgePlayer, com/sk89q/worldedit/forge/ForgeUtil"
field,field_71109_bG,net/minecraft/entity/player/EntityPlayerMP,F,,net/minecraft/entity/player/EntityPlayerMP::lastHealth | net/minecraft/entity/player/EntityPlayerMP::vision_dimming_on_client | net/minecraft/entity/player/EntityPlayer::prevCameraYaw | net/minecraft/entity/player/EntityPlayer::cameraYaw | net/minecraft/entity/player/EntityPlayer::speedOnGround | net/minecraft/entity/player/EntityPlayer::speedInAir | net/minecraft/entity/player/EntityPlayer::vision_dimming | net/minecraft/entity/player/EntityPlayer::y_offset_on_client_and_eye_height_on_server | net/minecraft/entity/EntityLivingBase::prevHealth | net/minecraft/entity/EntityLivingBase::attackedAtYaw | net/minecraft/entity/EntityLivingBase::prevSwingProgress | net/minecraft/entity/EntityLivingBase::swingProgress | net/minecraft/entity/EntityLivingBase::prevLimbSwingAmount | net/minecraft/entity/EntityLivingBase::limbSwingAmount | net/minecraft/entity/EntityLivingBase::limbSwing | net/minecraft/entity/EntityLivingBase::prevCameraPitch | net/minecraft/entity/EntityLivingBase::cameraPitch | net/minecraft/entity/EntityLivingBase::renderYawOffset | net/minecraft/entity/EntityLivingBase::prevRenderYawOffset | net/minecraft/entity/EntityLivingBase::rotationYawHead | net/minecraft/entity/EntityLivingBase::prevRotationYawHead | net/minecraft/entity/EntityLivingBase::jumpMovementFactor | net/minecraft/entity/EntityLivingBase::lastDamage | net/minecraft/entity/EntityLivingBase::moveStrafing | net/minecraft/entity/EntityLivingBase::moveForward | net/minecraft/entity/EntityLivingBase::randomYawVelocity | net/minecraft/entity/EntityLivingBase::landMovementFactor | net/minecraft/entity/Entity::rotationYaw | net/minecraft/entity/Entity::rotationPitch | net/minecraft/entity/Entity::prevRotationYaw | net/minecraft/entity/Entity::prevRotationPitch | net/minecraft/entity/Entity::yOffset | net/minecraft/entity/Entity::width | net/minecraft/entity/Entity::height | net/minecraft/entity/Entity::prevDistanceWalkedModified | net/minecraft/entity/Entity::distanceWalkedModified | net/minecraft/entity/Entity::distanceWalkedOnStepModified | net/minecraft/entity/Entity::fallDistance | net/minecraft/entity/Entity::ySize | net/minecraft/entity/Entity::stepHeight | net/minecraft/entity/Entity::entityCollisionReduction,com/sk89q/worldedit/forge/ForgePlayer
field,field_72448_b,net/minecraft/util/Vec3,D,,net/minecraft/util/Vec3::xCoord | net/minecraft/util/Vec3::yCoord | net/minecraft/util/Vec3::zCoord,com/sk89q/worldedit/forge/ForgeAdapter
field,field_72449_c,net/minecraft/util/Vec3,D,,net/minecraft/util/Vec3::xCoord | net/minecraft/util/Vec3::yCoord | net/minecraft/util/Vec3::zCoord,com/sk89q/worldedit/forge/ForgeAdapter
field,field_72450_a,net/minecraft/util/Vec3,D,,net/minecraft/util/Vec3::xCoord | net/minecraft/util/Vec3::yCoord | net/minecraft/util/Vec3::zCoord,com/sk89q/worldedit/forge/ForgeAdapter
field,field_72995_K,net/minecraft/world/World,Z,,net/minecraft/world/World::scheduledUpdatesAreImmediate | net/minecraft/world/World::findingSpawnPoint | net/minecraft/world/World::scanningTileEntities | net/minecraft/world/World::spawnHostileMobs | net/minecraft/world/World::spawnPeacefulMobs | net/minecraft/world/World::isRemote | net/minecraft/world/World::decorating | net/minecraft/world/World::ignore_rain_and_thunder_for_next_BLV | net/minecraft/world/World::is_overworld | net/minecraft/world/World::is_underworld | net/minecraft/world/World::is_nether | net/minecraft/world/World::is_the_end | net/minecraft/world/World::has_skylight | net/minecraft/world/World::is_precipitating | net/minecraft/world/World::is_storming | net/minecraft/world/World::is_harvest_moon_24_hour_period | net/minecraft/world/World::is_harvest_moon_day | net/minecraft/world/World::is_harvest_moon_night | net/minecraft/world/World::is_blood_moon_24_hour_period | net/minecraft/world/World::is_blood_moon_day | net/minecraft/world/World::is_blood_moon_night | net/minecraft/world/World::is_blue_moon_24_hour_period | net/minecraft/world/World::is_blue_moon_day | net/minecraft/world/World::is_blue_moon_night | net/minecraft/world/World::is_moon_dog_24_hour_period | net/minecraft/world/World::is_moon_dog_day | net/minecraft/world/World::is_moon_dog_night,com/sk89q/worldedit/forge/ForgeWorldEdit
field,field_74751_a,net/minecraft/nbt/NBTTagString,Ljava/lang/String;,,net/minecraft/nbt/NBTTagString::data | net/minecraft/nbt/NBTBase::name,com/sk89q/worldedit/forge/NBTConverter
field,field_74756_a,net/minecraft/nbt/NBTTagByte,B,,net/minecraft/nbt/NBTTagByte::data | net/minecraft/nbt/NBTBase::id,com/sk89q/worldedit/forge/NBTConverter
field,field_75625_b,net/minecraft/entity/EntityList,Ljava/util/Map;,,net/minecraft/entity/EntityList::stringToClassMapping | net/minecraft/entity/EntityList::classToStringMapping | net/minecraft/entity/EntityList::IDtoClassMapping | net/minecraft/entity/EntityList::classToIDMapping | net/minecraft/entity/EntityList::stringToIDMapping,com/sk89q/worldedit/forge/ForgePlatform
field,field_76636_d,net/minecraft/world/chunk/Chunk,Z,,net/minecraft/world/chunk/Chunk::isLit | net/minecraft/world/chunk/Chunk::isChunkLoaded | net/minecraft/world/chunk/Chunk::isGapLightingUpdated | net/minecraft/world/chunk/Chunk::isTerrainPopulated | net/minecraft/world/chunk/Chunk::isModified | net/minecraft/world/chunk/Chunk::sendUpdates | net/minecraft/world/chunk/Chunk::should_be_saved_once_time_forwarding_is_completed | net/minecraft/world/chunk/Chunk::is_empty | net/minecraft/world/chunk/Chunk::invalidate_checksum | net/minecraft/world/chunk/Chunk::has_had_lighting_checked | net/minecraft/world/chunk/Chunk::has_initial_heightmap_been_generated | net/minecraft/world/chunk/Chunk::has_initial_skymap_been_generated | net/minecraft/world/chunk/Chunk::has_skylight | net/minecraft/world/chunk/Chunk::is_within_block_domain | net/minecraft/world/chunk/Chunk::had_naturally_occurring_mycelium,com/sk89q/worldedit/forge/ForgeWorld
field,field_76756_M,net/minecraft/world/biome/BiomeGenBase,I,,net/minecraft/world/biome/BiomeGenBase::color | net/minecraft/world/biome/BiomeGenBase::waterColorMultiplier | net/minecraft/world/biome/BiomeGenBase::biomeID,"com/sk89q/worldedit/forge/ForgeBiomeRegistry, com/sk89q/worldedit/forge/ForgeWorld"
field,field_77331_b,net/minecraft/enchantment/Enchantment,[Lnet/minecraft/enchantment/Enchantment;,,net/minecraft/enchantment/Enchantment::enchantmentsList | net/minecraft/enchantment/Enchantment::enchantmentsBookList,com/sk89q/worldedit/forge/ForgeUtil
field,field_77779_bT,net/minecraft/item/Item,I,,net/minecraft/item/Item::itemID | net/minecraft/item/Item::maxStackSize | net/minecraft/item/Item::maxDamage | net/minecraft/item/Item::num_subtypes | net/minecraft/item/Item::MIN_SIMILARITY | net/minecraft/item/Item::MAX_SIMILARITY | net/minecraft/item/Item::xp_reward | net/minecraft/item/Item::satiation | net/minecraft/item/Item::nutrition | net/minecraft/item/Item::sugar_content | net/minecraft/item/Item::num_recipes,com/sk89q/worldedit/forge/ForgePlatform
field,field_77993_c,net/minecraft/item/ItemStack,I,,net/minecraft/item/ItemStack::stackSize | net/minecraft/item/ItemStack::animationsToGo | net/minecraft/item/ItemStack::itemID | net/minecraft/item/ItemStack::subtype | net/minecraft/item/ItemStack::damage,com/sk89q/worldedit/forge/ForgePlayer
